DISEASE,GDS,DISEASE CUI,TISSUE CUI,CONTROL GSM,DISEASE GSM
Acute pancreatitis unspecified,1731,C0001339,C0030274,"84551,84549,84550","84552,84553,84554"
Adenovirus infection,1528,C0001486,C0016030,"60527,60528,60531,60532,60533,60534","61831,61832,61833,61834,61835,61836"
Adenovirus infection,1529,C0001486,C0016030,"60833,60834,60835,60836,60837,60838","61905,61906,61907,61908,61909,61910"
Adenovirus infection,1826,C0001486,C0736268,"87316,87317,93633,93634,93651,93652,93653,93654,93657,93998,93999,94000,94001","86643,87306,87307,87308,87309,87310,87311,87312,87313,87314,87315,93655,93656,93658,93659,93660"
Alzheimer's disease,787,C0002395,C0007776,22351,22353
Alzheimer's disease,810,C0002395,C1523990,"21215,21217,21218,21219,21220,21221,21226,21231,21232","21204,21205,21216,21222,21225,21228,21233,21209,21210,21211,21214,21223,21224,21227,21230,21203,21206,21207,21208,21212,21213,21229"
Alzheimer's disease,2601,C0002395,C1321301,"96454,96455,96456,96457,96458,96459,96461,96470,96471,96472,96473,96474,96475,96476","96462,96463,96464,96466,96467,96468,96469,96477,96478,96479,96480,96481,96482,96483"
Rheumatoid arthritis,1930,C0003873,C0039099,"85423,85424,85425,85426,85427,85428,85429,85430,85431,85432,85433,85434,85435,85436,85437,85438,85439,85440","85423,85424,85425,85426,85427,85428,85429,85430,85431,85432,85433,85434,85435,85436,85437,85438,85439,85440"
Rheumatoid arthritis,1857,C0003873,C0039099,"37430,37431,37432,37433","37434,37435,37436,37437"
Rheumatoid arthritis,2126,C0003873,C0039099,"34379,34383,34385,34388,34391","34398,34399,34400,34401,34402"
Astrocytoma,1813,C0004114,C1521713,"40663,40667,40675,40703","40701,40698,40665,40677"
Astrocytoma,1962,C0004114,C1521713,"97800,97803,97804,97805,97807,97809,97811,97812,97816,97817,97820,97825,97827,97828,97833,97834,97840,97846,97848,97849,97850,97853,97855","97793,97795,97802,97810,97815,97837,97843,97878,97890,97899,97910,97913,97916,97920,97921,97927,97932,97937,97939,97941,97943,97951,97957,97958,97960,97972"
Bacterial infection,275,C0004623,C1523993,"4635,4640,4649","4639,4644,4648"
Bacterial infection,1043,C0004623,C0024432,24479,"24480,24481"
Bacterial infection,1579,C0004623,C0023516,"75559,75560,75565,75557,75563,75553","75555,75556,75569,75558,75552,75554,75566,75567,75568,75561,75562,75564"
Bacterial infection,2216,C0004623,C0011306,"107453,107458","107455,107460,107457,107462,107454,107459,107456,107461"
Bacterial infection,1573,C0004623,C1321301,"66676,66687,66671,66682,66677,66688,66672,66683,66678,66689,66673,66684,66679,66674,66685,66680,66675,66686,66681","66621,66632,66643,66627,66638,66649,66622,66633,66644,66617,66628,66639,66650,66623,66634,66645,66618,66629,66640,66651,66624,66635,66646,66619,66630,66641,66625,66636,66647,66620,66631,66642,66626,66637,66648"
Barrett's esophagus,1321,C0004763,C1516966,"23385,23386,23387,23388,23389,23390,23391,23392","23395,23396,23397,23398,23399,23400,23401,23402"
Malignant tumor of colon,1322,C0007102,C1522281,"29305,29306,29289,29290","29262,29263,29264,29265,39415,39416"
Malignant tumor of colon,2609,C0007102,C1522281,"93938,93939,93941,93943,93944,93946,93948,93950,93952,93954","93789,93920,93921,93922,93923,93924,93925,93926,93927,93928,93929,93932"
Squamous cell carcinoma,2200,C0007137,C0684084,"47616,47617,47618,47619,47620,47621","47622,47623,47624,47625,47626"
Transitional cell carcinoma,1479,C0007138,C0227598,"71019,71020,71021,71022,71023,71024,71025,71026,71027","71029,71031,71033,71036,71042,71044,71045,71049,71055,71056,71058,71059,71064,71065,71067"
Dilated cardiomyopathy,2205,C0007193,C1267093,"82381,82382,82383,82384,82385","82386,82387,82388,82389,82390,82391,82392"
Dilated cardiomyopathy,2206,C0007193,C1267093,"82393,82394,82395,82396,82397,82398,82399,82400,82401,82402,82403,82404,82405,82406,82407","82408,82409,82410,82411,82412,82413,82414,82415,82416,82417,82418,82419,82420"
Malignant neoplasm of cervix uteri,470,C0007847,C1521714,"7841,7844,7843,7842,7846,7847,7848,7845","7832,7823,7857,7822,7825,7820,7829,7839,7835,7831,7821,7827,7824,7838,7837,7836,7830,7858,7856,7854,7840,7828,7834,7855"
Ulcerative colitis,1330,C0009324,C0227391,"29595,29596,29597,29598,29599,29600,29601,29602,29603,29604,29605","29616,29617,29618,29619,29620,29621,29622,29623,29624,29625"
Ulcerative colitis,1615,C0009324,C1321301,"76115,76116,76117,76118,76119,76120,76121,76122,76123,76124,76125,76126,76127,76128,76129,76130,76131,76132,76133,76134,76135,76136,76137,76138,76139,76140,76141,76142,76143,76144,76145,76146,76147,76148,76149,76150,76151,76152,76153,76154,76155,76156","76030,76031,76032,76033,76034,76035,76036,76037,76038,76039,76040,76041,76042,76043,76044,76045,76046,76047,76048,76049,76050,76051,76052,76053,76054,76055"
Ulcerative colitis,2642,C0009324,C1522281,"155564,155565,155566,155567","155587,155588,155589,155590,155591,155592,155593,155594,155595"
Crohn's disease,1330,C0010346,C0227391,"29595,29596,29597,29598,29599,29600,29601,29602,29603,29604,29605","29606,29607,29608,29609,29610,29611,29612,29613,29614,29615"
Crohn's disease,1615,C0010346,C1321301,"76115,76116,76117,76118,76119,76120,76121,76122,76123,76124,76125,76126,76127,76128,76129,76130,76131,76132,76133,76134,76135,76136,76137,76138,76139,76140,76141,76142,76143,76144,76145,76146,76147,76148,76149,76150,76151,76152,76153,76154,76155,76156","76056,76057,76058,76059,76060,76061,76062,76063,76064,76065,76066,76067,76068,76069,76070,76071,76072,76073,76074,76075,76076,76077,76078,76079,76080,76081,76082,76083,76084,76085,76086,76087,76088,76089,76090,76091,76092,76093,76094,76095,76096,76097,76098,76099,76100,76101,76102,76103,76104,76105,76106,76107,76108,76109,76110,76111,76112,76113,76114"
Crohn's disease,2642,C0010346,C1522281,"155564,155565,155566,155567","155568,155569,155570,155571,155572,155573,155574,155575,155576,155577,155578,155579,155580,155581,155582,155583,155584,155585,155586"
Dehydration,1612,C0011175,C1522183,"69465,69461,69462,69463,69464,69476,69477,69478,69479,69475","69459,69460,69268,69457,69458,69470,69471,69472,69473,69474"
Dehydration,1612,C0011175,C0032005,"69789,69790,69791,69787,69788","69784,69785,69786,69782,69783"
Dehydration,2259,C0011175,C1522183,"69837,69838,69839","69840,69841,69842,69843,69844,69845"
Non-insulin dependent diabetes mellitus,157,C0011860,C0026845,"2313,2318,2323,2328,2333","2289,2294,2299,2304,2309"
Non-insulin dependent diabetes mellitus,158,C0011860,C0026845,"2310,2314,2319,2324,2329","2285,2290,2295,2300,2305"
Non-insulin dependent diabetes mellitus,160,C0011860,C0026845,"2284,2315,2320,2325,2330","2286,2291,2296,2301,2306"
Non-insulin dependent diabetes mellitus,161,C0011860,C0026845,"2311,2316,2321,2326,2331","2287,2292,2297,2302,2307"
Non-insulin dependent diabetes mellitus,162,C0011860,C0026845,"2312,2317,2322,2327,2332","2288,2293,2298,2303,2308"
Non-insulin dependent diabetes mellitus,402,C0011860,C1514845,"9920,9921,9922,9923,9924,9925","9926,9927,9928,9929,9930,9931"
Non-insulin dependent diabetes mellitus,887,C0011860,C1514845,"9059,9069,9070,9071,9072,9073,9074,9075,9076,9169,9170,9171,9172,9173,10401","9077,9078,9079,9080,9081,9082,9083,9084,9085,9086,9087,9088,9089,9090,9091,9092,9143,9144,9145,9146,9147,9148,9149,9150,9151,9152,9153,9154,9155,9156"
Non-insulin dependent diabetes mellitus,905,C0011860,C1522214,"27063,27148,27150,27152,27156,27159,27161,27165,27169,27171,27203,27204,27205,27206,27207","27147,27149,27151,27153,27157,27160,27163,27167,27170,27172"
Non-insulin dependent diabetes mellitus,1443,C0011860,C0001527,"63273,63274","63275,63276"
Non-insulin dependent diabetes mellitus,1443,C0011860,C0736268,"63277,63278","63279,63280"
Non-insulin dependent diabetes mellitus,1443,C0011860,C0242694,"63281,63282","63283,63284"
Non-insulin dependent diabetes mellitus,1443,C0011860,C0022131,"63285,63286","63288,63287"
Non-insulin dependent diabetes mellitus,1444,C0011860,C0001527,"64376,64377,64380,64382,64384,64386","64389,64390,64387,64383"
Non-insulin dependent diabetes mellitus,1456,C0011860,C0001527,"64391,64392,64394,64395,64397,64398","64400,64401,64399,64396"
Non-insulin dependent diabetes mellitus,1767,C0011860,C0001527,"17229,17230,17231,17232,17250,17251,17252,17253","17229,17230,17231,17232,17250,17251,17252,17253"
Non-insulin dependent diabetes mellitus,1767,C0011860,C0736268,"17237,17247,17248,17249,17258,17259,17260,17261","17237,17247,17248,17249,17258,17259,17260,17261"
Non-insulin dependent diabetes mellitus,1767,C0011860,C1522259,"17233,17234,17235,17236,17254,17255,17256,17257","17233,17234,17235,17236,17254,17255,17256,17257"
Non-insulin dependent diabetes mellitus,1913,C0011860,C1522259,"67408,67409,67410,67411,67412","67413,67414,67415,67416,67417"
Nephropathy - diabetic,961,C0011881,C1514845,"15965,15966,15967","15968,15969,15970"
Fracture of femur,1853,C0015802,C0015811,"29016,29029,29030,29031,29032,29033,29034","29017,29018,29019,29020,29021,29022,29023,29024,29025,29026,29027,29028"
Fracture of femur,1995,C0015802,C0015811,"22165,22267,22273","22166,22263,22264,22265,22266,22268,22269,22270,22271,22272,22274,22276,22277,22279,22280"
Fracture,509,C0016658,C0015811,"9011,9028,9034,9050,9056,9063","9023,9029,9035,9051,9057,9064"
Glioblastoma,1813,C0017636,C1521713,"40663,40667,40675,40703","40661,40662,40666,40669,40670,40671,40672,40673,40674,40676,40680,40681,40683,40684,40685,40689,40690,40692,40693,40694,40695,40696,40697,40704,40705,40707,40708,40709,40712,40713"
Glioblastoma,1962,C0017636,C1521713,"97800,97803,97804,97805,97807,97809,97811,97812,97816,97817,97820,97825,97827,97828,97833,97834,97840,97846,97848,97849,97850,97853,97855","97794,97796,97797,97798,97801,97806,97808,97813,97814,97818,97819,97821,97829,97832,97839,97844,97847,97851,97852,97856,97859,97861,97863,97869,97870,97871,97877,97882,97885,97886,97887,97888,97889,97891,97892,97893,97894,97895,97896,97898,97903,97905,97906,97908,97912,97914,97915,97917,97918,97919,97922,97924,97926,97930,97931,97935,97936,97938,97940,97942,97945,97946,97948,97950,97952,97953,97954,97955,97959,97961,97963,97965,97966,97967,97968,97969,97971,97826,97836,97858,97879"
Chronic granulomatous disease,539,C0018203,C0027950,"14525,14526,14527,14528,14529,14530,14531,14532,14533,14534,14535,14536,14537,14538,14539,14540,14541,14542,14543,14544,14545,14546,14547,14548,14549,14550,14551,14552","14553,14554,14555,14556,14557,14558,14559,14560,14561,14562,14563,14564,14565,14566,14567,14568,14569,14570,14571,14572,14573,14574,14575,14576,14577,14578,14579,14580,14581,14582,14583,14584,14585,14586,14587"
Injury of heart,2264,C0018805,C1267093,"106378,106379","106380,106381,106382,106383,106384,106385"
Hepatitis C,2239,C0019196,C0227525,"37564,37565,37566","37561,37562,37563"
Liver carcinoma,1385,C0019204,C0736268,"35168,35169,35170,35171,35172","35178,35179,35180,35181,35182"
Liver carcinoma,1990,C0019204,C0736268,"102084,102085,102086,102087,102088,102089","102090,102091,102092,102093,102094,102095"
Liver carcinoma,2006,C0019204,C0736268,"37397,37398,37399","37388,37389,37390,37394,37395,37396,37400,37401,37402"
HIV infection,1397,C0019693,C0039194,"47627,47628,47629","47630,47631,47632"
HIV infection,1449,C0019693,C1321301,"39104,39105,39106,39107,39108,39109,39110,39111,39112,39113,39114,39115","39116,39117,39118,39119,39120,39121,39122,39123,39124,39125,39126,39127,39128,39129,39130,39131,39132,39133,39134,39135,39136,39137,39138,39139,39140,39141,39142,39143,39144,39145,39146,39147,39148,39149,39150,39151,39152,39153,39154,39155,39156,39157,39158,39159,39160,39161,39162,39163,39164,39165,39166,39167,39168,39169,39170,39171,39172,39173,39174,39175,39176,39177,39178,39179,39180,39181,39182,39183,39184,39185,39186,39187,39188,39189,39190"
Huntington's disease,717,C0020179,C1521713,"13300,13355,13356","13360,13361,13362,13363"
Huntington's disease,1236,C0020179,C0085262,"49946,49948,49950,49952","49945,49947,49949,49951"
Huntington's disease,1331,C0020179,C0005767,"30580,30581,30582,30583,30584,30585,30586,30587,30588,30589,30590,30591,30592,30593","30530,30531,30532,30533,30534,30535,30536,30537,30538,30539,30540,30541"
Huntington's disease,1332,C0020179,C0005767,"30698,30699,30700,30701,30702,30703,30704,30705,30706,30707,30708,30709,30710,30711","30681,30682,30683,30684,30685,30686,30687,30688,30689,30690,30691,30692"
Huntington's disease,2169,C0020179,C1522278,"73186,73189,73191,73218,73221,73231,73200,73228,73198,73199,73227,73209,73205,73208,73222,73223,73217,73216,73224,73212,73214,73196,73197,73192","73203,73204,73207,73201,73202,73206,73215,73225,73211,73213,73193,73194,73195,73187,73188,73190,73219,73220,73232,73233,73226,73229,73230,73210"
Hypercholesterolemia,1517,C0020443,C0736268,"88877,88878,88879,88880,88881","88872,88873,88874,88875,88876"
Pulmonary hypertension,504,C0020542,C1321301,"12601,12602,12603,12604,12605,12606","12587,12588,12589,12590,12591,12592,12593,12594,12595,12596,12597,12598,12599,12600"
Hypertrophy,654,C0020564,C1267093,"11210,11211,11212,11213,11214,11215","11204,11205,11206,11207,11208,11209"
Chronic lymphocytic leukemia,73,C0023458,C1512385,"1954,1961,1964","1983,1984"
Chronic lymphocytic leukemia,74,C0023458,C1512385,"1986,1987,1988","2002,2003,2017,2018,2019"
Chronic lymphocytic leukemia,75,C0023458,C1512385,"2070,2020,2021,2022,2061,2062,2065,2066,2067,2068,2069,2083,2084,2085,2086","2063,2064,2080,2081,2082"
Acute megakaryoblastic leukemia,1316,C0023462,C0025166,"45786,45787,45790,45791","45788,45789,45792,45793,45794,45795"
Acute myelocytic leukemia,1059,C0023467,C0023517,"39873,39874,39875,39876","39819,39820,39821,39822,39823,39824,39825,39826,39827,39828,39829,39830,39831,39832,39833,39834,39835,39836,39837,39838,39839,39840,39841,39842,39843,39844,39845,39846,39847,39848,39849,39850,39851,39852,39853,39854,39855,39856,39857,39858,39859,39860,39861,39862,39863,39864,39865,39866,39867,39868,39869,39870,39871,39872"
Acute myelocytic leukemia,1074,C0023467,C0018956,"37359,37362,37363","37358,37360,37361"
Cirrhosis of liver,1354,C0023890,C0736268,"32440,32441,32442","32443,32444,32445"
Chronic obstructive airway disease,737,C0024117,C0819757,"28358,28360,28362,28370,28372,28374,28376,28378,28380,28382,28384,28386","28357,28359,28361,28363,28364,28365,28366,28367,28368,28369,28371,28373,28375,28377,28379,28381,28383,28385"
Chronic obstructive airway disease,1304,C0024117,C0599333,"74797,74798,74799,74800,74801","74802,74819,74820,74821,74822,74823"
Chronic obstructive airway disease,1436,C0024117,C0085236,"71942,71991,72243,72244,72245","72246,72247,72248,72249,72250"
Chronic obstructive airway disease,289,C0024117,C1522707,"4004,4005,4006,48597","4003,29324,29345"
Macular degeneration,963,C0024437,C0016030,"29059,29060,29061,29062,29063,29064,29065,29066,29067,29068,29069,29070,29071,29072,29074,29075,29076,29078","29079,29081,29082,29084,29085,29087,29088,29090,29091,29092,29093,29095,29096,29097,29099,29100,29102,29103"
Malignant neoplasm of stomach,1210,C0024623,C0038351,"51763,51764,51765,51766,51767,51768,51769,51770","51771,51772,51773,51774,51775,51776,51777,51778,51779,51780,51781,51782,51783,51784,51785,51786,51787,51788,51789,51790,51791,51792"
Atrophy - muscular,540,C0026846,C0026845,"10045,10046,10047,10048,10049,10050","10051,10052,10053,10054,10055,10056,10057,10058,10059,10060,10061,10062,17357,17358,17359,17360,17361"
Atrophy - muscular,1789,C0026846,C1522259,"10045,10046,10047,10048,10049,10050","10051,10052,10053,10054,10055,10056,10057,10058,10059,10060,10061,10062,17357,17358,17359,17360,17361"
Oligodendroglioma,1813,C0028945,C1521713,"40663,40667,40675,40703","40660,40668,40678,40679,40686,40687,40691,40699"
Oligodendroglioma,1962,C0028945,C1521713,"97800,97803,97804,97805,97807,97809,97811,97812,97816,97817,97820,97825,97827,97828,97833,97834,97840,97846,97848,97849,97850,97853,97855","97799,97822,97823,97824,97830,97831,97835,97838,97841,97842,97845,97854,97857,97860,97862,97864,97865,97866,97867,97868,97872,97873,97874,97875,97876,97880,97881,97883,97884,97897,97900,97901,97902,97904,97907,97909,97911,97923,97925,97928,97929,97933,97934,97944,97947,97949,97956,97962,97964,97970"
Parkinson disease,22,C0030567,C1521713,"1126,1127,1385,1387,1389,1391,1393,1395,1397,1399,1401,1403,1405,1407,1409,1411,1413,1415,1417,1419,1421,1423,1425,1427,1429,1431,1433,1435,1437,1439,1441,1443,1445,1447,1449,1451,1453,1455,1457,1459","1383,1384,1386,1388,1390,1392,1394,1396,1398,1400,1402,1404,1406,1408,1410,1412,1414,1416,1418,1420,1422,1424,1426,1428,1430,1432,1434,1436,1438,1440,1442,1444,1446,1448,1450,1452,1454,1456,1458,1460"
Parkinson disease,2053,C0030567,C0038590,"107845,108079,108080,108081","108084,108085,108086,108087,108088,108089,108090,108091"
Pre-eclampsia,2080,C0032914,C0032043,"106249,106250,106274,106275","106276,106277,106278,106279,106280,106281,106282,106283,106284,106285"
Primary cardiomyopathy,651,C0033141,C1267093,"18442,18443,18444,18445,18446,18447,18448,18449,18450,18451,18452","18422,18423,18424,18425,18426,18427,18428,18429,18430,18431,18432,18433,18434,18435,18436"
Pseudomonas infection,858,C0033817,C0819757,"14498,14499,14500,14501","14502,14503,14504,14505,14509,14510,14511,14512"
Pseudomonas infection,1052,C0033817,C1711178,37337,37341
Pulmonary emphysema,670,C0034067,C0819757,"18403,18404,18405,18406,18407","18413,18414,18415,18416,18417"
Retinitis pigmentosa,1845,C0035334,C0035298,"3182,3185,3186,3187,3214,3215,3216,3217,3218,3219,3220,3221,3222,3223,3224","3225,3226,3227,3228,3229,3230,3231,3232,3233,3234,3235,3236,3237,3238,3239"
Status epilepticus,450,C0038220,C1267093,12532,12533
Status epilepticus,1642,C0038220,C1523990,"32070,32071,32072,32076,32077,32078,32082,32083,32084,32088,32089,32090,32091,32092,32093,32123,32124,32125,32129,32130,32131,32135,32136,32137,32141,32142,32143,32147,32148,32149","32067,32068,32069,32073,32074,32075,32079,32080,32081,32085,32086,32087,32094,32095,32096,32126,32127,32128,32132,32133,32134,32138,32139,32140,32144,32145,32146,32150,32151,32152"
Androgen insensitivity syndrome,1836,C0039585,C0016030,"88422,88423,88424,88426,88431,88432,88434,88436,88438,88440,88441,88442","88425,88427,88428,88429,88430,88433,88435,88437,88439"
Essential thrombocythemia,552,C0040028,C0025166,8649,8650
Essential thrombocythemia,761,C0040028,C0025166,15648,15650
Essential thrombocythemia,1376,C0040028,C0005821,"35706,35707,35708,35709,35705","35700,35701,35702,35703,35704,35699"
Thrombocytopenia,1245,C0040034,C0025166,"48233,48234,48235","48230,48231,48232"
Uterine fibroids,2245,C0042133,C0042149,"52661,52662,52663,52664,52665,52666,52667,52668,52669,52670,52671","38689,38690,38691,38692,38693,38694,38695"
Uterine fibroids,2246,C0042133,C0042149,"52672,52679,52681","52673,52674,52675,52676,52677,52678,52680"
Uterine fibroids,484,C0042133,C1522655,"9098,9099,9100,9101,9102","9093,9094,9095,9096,9097"
Vitamin A deficiency,1274,C0042842,C0736268,"27430,27431,27432,27433,27434,27435,27436","27437,27438,27439,27440,27441,27442,27443"
Idiopathic thrombocytopenic purpura,390,C0043117,C0039194,"8816,8817","8814,8815"
Hamman-Rich syndrome,1252,C0085786,C0819757,"37404,37405,37406,37407,37408,37409,37410,37411,37412,37413,37414","37415,37416,37418,37419,37420,37421,37422,37423,37424,37425,37426,37427,37428"
Hamman-Rich syndrome,1012,C0085786,C0016030,"29915,29911,29918","29938,29944,29950"
Ventricular hypertrophy (& [left]),1264,C0149721,C1267093,"38251,38252,38253,38254,38255,38256,38257,38258,38259,38260,38261","38239,38240,38241,38242,38243,38244,38245,38246,38247,38248,38249,38250"
Ventricular hypertrophy (& [left]),2258,C0149721,C1267093,"46523,46524,46526,46527,46528,46529,46530,46531,46532","46533,46534,46535,46536,46537,46538"
Squamous cell carcinoma of lung,1312,C0149782,C0819757,"73386,73388,73390,73392,73394","73387,73389,73391,73393,73395"
Adenocarcinoma of lung,1649,C0152013,C0819757,"47977,47978,47979,47980,47981,47982,47983,47984,47997,47998,47999,48000,48001,48002,48003","47985,47986,47987,47988,47989,47990,47991,47992,47993,47994,47995,47996,48004,48005,48006,48007,48008,48009,48010,48011,48012,48013,48014,48015,48016,48017,48018,48019,48020"
Adenocarcinoma of lung,1650,C0152013,C0819757,"47958,47959,47960,47961,47962,47963,47964,47965,47966,47967,47968,47969,47970,47971,47972,47973,47974,47975,47976","36757,36758,36759,36760,36761,36762,36763,36764,36765,36766,36767,36768,36769,36770,36771,36772,36773,36774,36775,36776"
Malignant neoplasm of duodenum,1322,C0153426,C1522711,"29297,29298","29270,29271"
Malignant neoplasm of testis,1742,C0153594,C0039597,"31728,31729,31803","31732,33595,33942,33943,33944,33945,33946,33947,33948,33949,33950,33951,33952,33953,33954,34070,34071,34072,34074,34214,34216,34217,34218"
Exhaustion due to excessive exertion,2310,C0161750,C0023516,"82670,82674,82675,82682,82685","82671,82676,82680,82686,82689"
Thymic carcinoma,1638,C0205969,C0040113,"47606,47607,47608,47609","47600,47601,47602,47603,47604,47605"
alpha-1-Antitrypsin deficiency,670,C0221757,C0819757,"18403,18404,18405,18406,18407","18408,18409,18410,18411,18412"
Retinal damage,656,C0235272,C0035298,"15760,15761,15762","15763,15764,15765,15766,15768,15769,15770,15772,15773,15779,15780,15781,15782,15783,15784"
Papillary thyroid carcinoma,1665,C0238463,C1522142,"77362,77364,77366,77368,77370,77372,77374,77376,77378","77363,77365,77367,77369,77371,77373,77375,77377,77379"
Papillary thyroid carcinoma,1732,C0238463,C1522142,"85215,85216,85217,85218,85219,85220,85221","85222,85223,85224,85225,85226,85227,85228"
Infection by Yersinia enterocolitica,1465,C0238528,C0024432,"64988,64989,64990,65007,65008,65009","65015,65021,64995,65001,64996,65002,65013,64997,65019,65003,65014,65020"
Autoimmune hepatitis,514,C0241910,C0736268,"13431,13439,13435,13441","13436,13437,13438,13440"
Acute lung injury,1239,C0242488,C0819757,"29706,29707,29708","29711,29709,29710"
Systemic infection,2092,C0243026,C1519477,"100798,100799,100800,100801,100802","100793,100794,100795,100796,100797"
Systemic infection,2235,C0243026,C0736268,"30469,30470,30471","30472,30473,30474"
Chronic polyarticular juvenile rheumatoid arthritis,711,C0263739,C1321301,"23193,23188,23194,23189,23195,23190,23185,23191,23186,23192,23187","23171,23166,23177,23172,23167,23178,23173,23168,23174,23169,23164,23175,23170,23165,23176"
Dilated cardiomyopathy secondary to viral myocarditis,2154,C0264797,C1267093,"94831,94854,94855,94870","94836,94837,94838,94839,94840,94841,94842,94843"
Nutritional deficiency,925,C0267975,C1704336,"30759,30771,30772,30773","30774,30775,30776,30777"
Alexander disease,1488,C0270726,C1522184,"15436,15438,15439,15444,15445,15447","15441,15442,15443,15448,15449,15450"
Porcine nephropathy,1463,C0275095,C1514845,"62771,62755,62750,62734,62745,62767,62762,62773,62784,62735,62746,62779,62742,62737,62754,62776","62738,62782,62744,62777,62772,62783,62789,62768,62774,62736,62747,62769,62780,62764,62775,62770,62781,62792,62743"
AIDS with encephalitis,1726,C0276548,C0016733,"79036,79043,79044,79045,79046,79047,79048,79049,80003,80004,80005,80006","79050,79051,79053,79055,79056,79059,79060,79062,80007,80008,80009,80010,80011,80012,80013,80014"
Adenocarcinoma of esophagus,1321,C0279628,C1516966,"23385,23386,23387,23388,23389,23390,23391,23392","23413,23417,23419,23422,23424,23425,23426,23427"
Epithelial proliferation,337,C0334097,C0014597,"5157,5158,5163,5164,5175,5176","5159,5160,5165,5166,5169,5170,5172,5174"
Transitional cell carcinoma in situ,1479,C0334267,C0227598,"71019,71020,71021,71022,71023,71024,71025,71026,71027","71070,71072,71074,71076,71077"
[M] Clear cell sarcoma of kidney,1282,C0334488,C1514845,"52495,52496,52497","52481,52482,52483,52484,52485,52486,52487,52488,52489,52490,52491,52492,52493,52494"
Malignant lymphoma,73,C0334640,C1512385,"1954,1961,1964","1958,1959,1960,1965,1966,1967,1968,1969,1970,1971,1972,1973,1974,1975,1976,1977,1978,1979,1980,1981,1982"
Malignant lymphoma,74,C0334640,C1512385,"1986,1987,1988","1994,1995,1996,1997,1998,1999,2000,2001,2016"
Malignant lymphoma,75,C0334640,C1512385,"2070,2020,2021,2022,2061,2062,2065,2066,2067,2068,2069,2083,2084,2085,2086","2031,2032,2033,2034,2035,2036,2037,2038,2039,2040,2041,2042,2043,2044,2045,2046,2047,2048,2049,2050,2051,2052,2053,2054,2055,2056,2057,2058,2059,2060,2072,2073,2074,2075,2076,2077,2078,2079"
Leber's amaurosis,1647,C0339527,C0035298,"70908,70909,70910,70911,70912,70913,70914,70915,70916","70899,70900,70901,70902,70903,70904,70905,70906,70907"
Primary open angle glaucoma,1313,C0339573,C0029127,"52089,52091","52088,52090"
Ventilator-associated lung injury,1240,C0340257,C0819757,"44768,44769","44770,44771"
Ventilator-associated lung injury,1241,C0340257,C0819757,"44772,44773","44774,44775"
Ventilator-associated lung injury,1276,C0340257,C0819757,"45427,45428,45429,45430,45431,45432","45433,45434,45435,45436,45437,45438"
Ventricular hypertrophy,2134,C0340279,C1267093,"105487,105488,105489","105483,105484,105485,105486"
ISM - In situ melanoma of skin,1989,C0346040,C0014520,"102682,102683,102701,102702","102688,102689"
Generalized ischemic myocardial dysfunction,1362,C0349782,C1267093,"33108,33109,33110,33111,33112,33113","33092,33094,33096,33114,33116,33117,33118,33119,33120,33121"
Generalized ischemic myocardial dysfunction,651,C0349782,C1267093,"18442,18443,18444,18445,18446,18447,18448,18449,18450,18451,18452","18477,18478,18479,18480,18481,18482,18483,18484,18485,18486,18487"
Malignant neoplasm of prostate,952,C0376358,C0033572,"23298,23304,23299,23305,23300,23306,23307,23297","23292,23281,23282,23293,23294,23283,23284,23295,23285,23291"
Malignant neoplasm of prostate,1746,C0376358,C0033572,"88407,88408","88353,88397,88401,88402,88351,88360,88389,88390,88391,88392,88393,88394,88395,88396,88398,88399,88400,88403,88404,88405,88406,88347"
Alcohol poisoning,2107,C0392620,C0030274,"74493,74494,74495","74496,74497,74498"
Complex dental caries,1850,C0399396,C0011399,"27727,27728","27725,27726"
Anaplastic oligoastrocytoma,1813,C0431108,C1521713,"40663,40667,40675,40703","40664,40682,40688,40702,40706,40711"
Primary pulmonary hypoplasia,782,C0456891,C0819757,"22043,22044,22045,22046,22047,22048,22049,22050","22035,22036,22037,22038,22039,22040,22041,22042"
Obstructive sleep apnea,1213,C0520679,C0736268,"32860,32861,32862,32863,32864","32865,32866,32867,32868,32869"
Decompensated cardiac failure,1928,C0581377,C1267093,"85063,85064,85065,85122,85123,85124,85131,85132,85133","85069,85070,85071,85128,85129,85130,85137,85138,85139"
Helicobacter pylori gastrointestinal tract infection,625,C0585625,C1517454,"8906,8908,8911,8913,8914,8916,8918,8919,8922,12764,12765,12766","8905,8915,8917,8921,8923,12767,8907,8909,8910,8912,8920,8924,8925,12762,12763"
Cocaine dependence,1608,C0600427,C0028633,"93813,93814,93815,93816","93824,93821,93822,93823"
Cocaine dependence,1608,C0600427,C0002708,"93825,93826,93827,93828","93835,93836,93833,93834"
Cocaine dependence,1608,C0600427,C1522183,"93837,93838,93839,93840","93846,93847,93848,93845"
Cocaine dependence,1608,C0600427,C0016733,"93868,93869,93867","93874,93875,93873"
Carcinoma in situ of small intestine,389,C0686083,C0226890,"6191,6192,6193,6194,6195,6196","6202,6203,6204,6205,6206"
Familial hypophosphatemic bone disease,879,C0733682,C1514845,"13451,13452,13455,13456,13461,13462,13465,13466,13473,13474","13453,13454,13457,13458,13459,13460,13463,13464,13468,13471"
Cardiomyopathy,411,C0878544,C1267093,"10178,10179,10180,10181,10182,10183,10184,10185,10186,10187,10188,10189","10190,10191,10192,10193,10194,10195,10196,10197,10198,10199,10200,10201,10220,10221,10222,10223,10224,10225,10226,10227,10228,10229,10230"
Cardiomyopathy,427,C0878544,C1267093,"10231,10232,10233,10234,10235,10236,10237,10238,10239,10240,10241,10242","10243,10244,10245,10246,10247,10248,10249,10250,10251,10252,10253,10254,10273,10274,10275,10276,10277,10278,10279,10280,10281,10282,10283"
Cardiomyopathy,1362,C0878544,C1267093,"33108,33109,33110,33111,33112,33113","33069,33087,33088,33089,33090,33091,33093,33095,33097,33098,33099,33100,33101,33102,33103,33104,33105,33106,33107,33115,33122"
Multiple benign melanocytic nevi,1375,C1276131,C0014520,"71671,71672,71673,71674,71675,71676,71677","71678,71679,71680,71681,71682,71683,71684,71685,71686,71687,71688,71689,71690,71691,71692,71693,71694,71695"
Adenoma of small intestine,389,C1302392,C0226890,"6191,6192,6193,6194,6195,6196","6197,6198,6199,6200,6201"
Escherichia coli infection of the central nervous system,1311,C1320188,C1521713,"73001,73002,73014,73015,73016,73017","72507,73000,73018,73019,73340,73341"
Infertility due to azoospermia,2026,C1321542,C1515300,"85211,85213","85212,85214"
Renal disorder associated with type II diabetes mellitus,1891,C1720457,C0227651,"48385,48393","48387,48388,48389,48390"